NAME,UACE,POP
"Abbeville, LA",00037,19824
"Aberdeen, SD",00145,25977
"Aberdeen, WA",00172,29856
"Aberdeen--Bel Air South--Bel Air North, MD",00199,213751
"Abilene, TX",00280,110421
"Ada, OK",00415,17400
"Adjuntas, PR",00550,11122
"Adrian, MI",00577,44823
"Agat, GU",00604,10093
"Aguadilla--Isabela--San Sebastián, PR",00631,306196
"Akron, OH",00766,569499
"Alamogordo, NM",00820,31862
"Albany, GA",00901,95779
"Albany, OR",00955,56997
"Albany--Schenectady, NY",00970,594962
"Albemarle, NC",00982,16823
"Albert Lea, MN",01009,17868
"Albertville, AL",01036,36815
"Albuquerque, NM",01171,741318
"Alexandria, LA",01279,82804
"Alexandria, MN",01306,16983
"Alice, TX",01414,20974
"Allentown, PA--NJ",01495,664651
"Alliance, OH",01549,32533
"Alma--St. Louis, MI",01630,16924
"Alpena, MI",01684,14258
"Alton, IL--MO",01765,83890
"Altoona, PA",01792,79930
"Altus, OK",01846,19900
"Amarillo, TX",01927,196651
"Americus, GA",02008,19106
"Ames, IA",02062,60438
"Amsterdam, NY",02170,22262
"Anacortes, WA",02224,16712
"Anchorage, AK",02305,251243
"Anchorage Northeast, AK",02332,28568
"Anderson, IN",02386,88133
"Anderson, SC",02413,75702
"Andrews, TX",02467,12346
"Angola, IN",02548,11196
"Anna, TX",02581,10746
"Ann Arbor, MI",02602,306022
"Anniston--Oxford, AL",02629,79796
"Antioch, CA",02683,277634
"Appleton, WI",02764,216154
"Arcadia--Southeast Arcadia, FL",02912,17490
"Arcata-McKinleyville, CA",02926,32364
"Archer Lodge--Clayton, NC",02965,13288
"Ardmore, OK",03007,20888
"Arecibo, PR",03034,139171
"Arizona City, AZ",03088,10531
"Arkadelphia, AR",03115,10491
"Arkansas City, KS",03142,13026
"Arlington, TN",03158,11502
"Arroyo Grande--Grover Beach, CA",03196,52000
"Artesia, NM",03223,12764
"Arvin, CA",03250,19573
"Asheboro, NC",03331,37792
"Asheville, NC",03358,280648
"Ashland, OH",03385,20226
"Ashtabula, OH",03466,29346
"Astoria, OR",03547,14115
"Atchison, KS--MO",03601,11166
"Athens, AL",03655,24956
"Athens, OH",03682,28286
"Athens, TN",03709,15985
"Athens, TX",03736,12169
"Athens-Clarke County, GA",03763,128754
"Athol, MA",03790,12834
"Atlanta, GA",03817,4515419
"Atlantic City, NJ",03898,248402
"Atoka, TN",03957,18885
"Auburn, AL",04033,74741
"Auburn, IN",04060,21712
"Auburn, NY",04114,32274
"Auburn--North Auburn, CA",04130,33157
"Augusta, ME",04195,22637
"Augusta-Richmond County, GA--SC",04222,386787
"Austin, MN",04357,25103
"Austin, TX",04384,1362416
"Avenal, CA",04465,15486
"Avondale--Goodyear, AZ",04549,197041
"Bainbridge, GA",04627,12118
"Bakersfield, CA",04681,523994
"Baltimore, MD",04843,2203663
"Bangor, ME",04951,61210
"Baraboo, WI",05005,13759
"Bardstown, KY",05059,18702
"Barnstable Town, MA",05167,246695
"Barre--Montpelier, VT",05221,21675
"Barstow, CA",05302,28973
"Bartlesville, OK",05329,38874
"Bastrop, LA",05437,13979
"Bastrop, TX",05464,13371
"Batavia, NY",05491,17834
"Batesville, AR",05545,11513
"Baton Rouge, LA",05680,594309
"Battle Creek, MI",05707,78393
"Bay City, MI",05869,70585
"Bay City, TX",05896,18745
"Beatrice, NE",06004,12405
"Beaufort--Port Royal, SC",06031,48807
"Beaumont, TX",06058,147922
"Beaver Dam, WI",06112,17833
"Beckley, WV",06139,64022
"Bedford, IN",06166,14977
"Beeville, TX",06274,18168
"Belgrade, MT",06382,13797
"Bellefontaine, OH",06436,13235
"Bellefonte, PA",06463,12888
"Belle Glade, FL",06517,24870
"Bellingham, WA",06652,114473
"Beloit, WI--IL",06760,63835
"Bemidji, MN",06841,14626
"Bend, OR",06868,83794
"Bennettsville, SC",06895,13006
"Bennington, VT",06922,12723
"Benton Harbor--St. Joseph--Fair Plain, MI",07138,61022
"Berea, KY",07165,15590
"Berlin, NH",07192,11159
"Big Bear City, CA",07508,15873
"Big Rapids, MI",07624,14241
"Big Spring, TX",07651,27987
"Billings, MT",07705,114773
"Binghamton, NY--PA",07732,158084
"Birch Bay, WA",07759,12737
"Birmingham, AL",07786,749495
"Bismarck, ND",07921,81955
"Blackfoot, ID",07948,15352
"Blacksburg, VA",08002,88542
"Bloomington, IN",08380,108657
"Bloomington--Normal, IL",08407,132600
"Bloomsburg--Berwick, PA",08434,53618
"Bluefield, WV--VA",08515,44092
"Blythe, CA--AZ",08623,12967
"Blytheville, AR",08650,18219
"Boerne, TX",08704,10467
"Bogalusa, LA",08731,12213
"Boise City, ID",08785,349684
"Bonita Springs, FL",08974,310298
"Boone, IA",09028,12793
"Boone, NC",09055,22763
"Borger, TX",09217,13574
"Boston, MA--NH--RI",09271,4181019
"Boulder, CO",09298,114591
"Boulder City, NV",09325,13866
"Bowling Green, KY",09379,78306
"Bowling Green, OH",09433,30738
"Bozeman, MT",09514,43164
"Bradford, PA--NY",09541,12083
"Braidwood--Coal City--Wilmington, IL",09600,22685
"Brainerd, MN",09622,19812
"Branson, MO",09676,22645
"Brawley, CA",09730,25032
"Breaux Bridge, LA",09801,18465
"Bremerton, WA",09946,198979
"Brenham, TX",09973,15682
"Brevard, NC",10027,13121
"Bridgeport--Stamford, CT--NY",10162,923311
"Bridgeton, NJ",10189,35022
"Bristol--Bristol, TN--VA",10351,69501
"Brockport, NY",10418,20255
"Brookhaven, MS",10594,10635
"Brookings, OR",10621,10915
"Brookings, SD",10648,22482
"Browns Mills--Fort Dix, NJ",10891,37985
"Brownsville, TX",10972,217585
"Brownwood, TX",10999,22711
"Brunswick, GA",11026,51024
"Brunswick, ME",11040,29159
"Buckeye, AZ",11134,19424
"Bucyrus, OH",11215,12401
"Buffalo, MN",11296,15972
"Buffalo, NY",11350,935906
"Bullhead City, AZ--NV",11431,48656
"Burkburnett, TX",11593,10002
"Burley, ID",11620,15977
"Burlington, IA--IL",11674,29569
"Burlington, NC",11728,119911
"Burlington, VT",11755,108740
"Burlington, WI",11782,23534
"Butler, PA",11998,40352
"Butner, NC",12025,16975
"Butte-Silver Bow, MT",12052,30287
"Cadillac, MI",12160,11690
"Calhoun, GA",12457,31493
"California City, CA",12565,10908
"Camarillo, CA",12754,71772
"Cambridge, MD",12808,14255
"Cambridge, MN",12835,14270
"Cambridge, OH",12862,15232
"Camden, AR",12916,11401
"Camden, SC",12970,13546
"Campbellsville, KY",13159,11719
"Canby, OR",13221,17119
"Cañon City, CO",13267,27139
"Canton, IL",13294,14818
"Canton, MS",13321,15321
"Canton, OH",13375,279245
"Canyon, TX",13456,13440
"Cape Coral, FL",13510,530290
"Cape Girardeau, MO--IL",13537,52900
"Carbondale, IL",13591,67821
"Carlsbad, NM",13807,29839
"Carrollton, GA",14023,42872
"Carson City, NV",14158,58079
"Cartersville, GA",14185,52477
"Carthage, MO",14266,15496
"Casa Grande, AZ",14401,51331
"Casper, WY",14482,64548
"Cedar City, UT",14698,33200
"Cedar Rapids, IA",14752,177844
"Cedartown, GA",14806,12502
"Celina, OH",14860,11259
"Centralia, IL",15022,17296
"Centralia, WA",15076,39517
"Chambersburg, PA",15184,50887
"Champaign, IL",15211,145361
"Chaparral, NM",15292,12328
"Charleston, IL",15400,21810
"Charleston, WV",15481,153199
"Charleston--North Charleston, SC",15508,548404
"Charles Town--Ranson, WV",15600,21019
"Charlotte, MI",15643,12682
"Charlotte, NC--SC",15670,1249442
"Charlotte Amalie--Tutu, VI",15697,50916
"Charlottesville, VA",15724,92359
"Chattanooga, TN--GA",15832,381112
"Cheney, WA",15967,10569
"Chesapeake Beach, MD",16102,23700
"Cheyenne, WY",16237,73588
"Chicago, IL--IN",16264,8608208
"Chickasha, OK",16291,15739
"Chico, CA",16318,98176
"Chillicothe, OH",16453,32263
"Chino Valley, AZ",16561,10783
"Chowchilla, CA",16696,11843
"Christiansted, VI",16750,46601
"Cincinnati, OH--KY--IN",16885,1624827
"Circleville, OH",16912,14965
"Claremore, OK",17128,25164
"Clarksburg, WV",17236,43988
"Clarksdale, MS",17263,17783
"Clarksville, TN--KY",17317,158655
"Clearfield, PA",17452,10903
"Clearlake, CA",17479,15944
"Cleburne, TX",17533,35122
"Cleveland, MS",17641,15722
"Cleveland, OH",17668,1780673
"Cleveland, TN",17722,66777
"Clewiston, FL",17776,12833
"Clinton, IA--IL",17938,32332
"Clinton, SC",18046,11176
"Cloquet, MN",18127,12936
"Clovis, NM",18208,41570
"Coalinga, CA",18289,12702
"Coamo, PR",18316,38047
"Coco--Salinas, PR",18383,22102
"Coeur d'Alene, ID",18451,98378
"Coffeyville, KS--OK",18478,10909
"Colchester, CT",18559,10098
"Coldwater, MI",18667,16876
"College Station--Bryan, TX",18748,171345
"Colorado Springs, CO",18856,559409
"Columbia, MO",18937,124748
"Columbia, SC",18964,549777
"Columbia, TN",18991,34965
"Columbus, GA--AL",19099,253602
"Columbus, IN",19126,54933
"Columbus, MS",19180,31174
"Columbus, NE",19207,22106
"Columbus, OH",19234,1368035
"Concord, CA",19504,615968
"Concord, NH",19531,42611
"Concord, NC",19558,214881
"Conneaut, OH",19612,14109
"Connersville, IN",19693,15347
"Conroe--The Woodlands, TX",19755,239938
"Conway, AR",19801,65277
"Cookeville, TN",19828,44207
"Coolidge, AZ",19882,10919
"Coos Bay, OR",19936,31386
"Corcoran, CA",20044,25516
"Cordele, GA",20071,12416
"Corinth, MS",20098,12469
"Cornelia--Baldwin, GA",20152,18578
"Corning, NY",20233,20477
"Corpus Christi, TX",20287,320069
"Corsicana, TX",20341,22599
"Cortland, NY",20395,27493
"Corvallis, OR",20422,62433
"Coshocton, OH",20476,11517
"Cottage Grove, OR",20503,11007
"Cottonwood--Verde Village, AZ",20595,26650
"Craig, CO",20827,10021
"Crawfordsville, IN",20881,18012
"Crescent City, CA",20908,18976
"Cresson, PA",20980,11106
"Crestview, FL",21043,32432
"Crossville, TN",21394,16337
"Crowley, LA",21421,14908
"Cullman, AL",21637,18356
"Cullowhee, NC",21664,10837
"Culpeper, VA",21691,17778
"Cumberland, MD--WV--PA",21745,51899
"Dallas, OR",22015,15340
"Dallas--Fort Worth--Arlington, TX",22042,5121892
"Dalton, GA",22069,85239
"Danbury, CT--NY",22096,168136
"Danville, IL",22204,50996
"Danville, KY",22231,18887
"Danville, VA--NC",22253,49344
"Daphne--Fairhope, AL",22285,57383
"Davenport, IA--IL",22366,280051
"Davis, CA",22420,72794
"Dayton, NV",22501,11127
"Dayton, OH",22528,724091
"Dayton, TN",22555,10174
"Dayton, TX",22582,12075
"Decatur, AL",22690,70436
"Decatur, IL",22717,93863
"Decatur, IN",22744,10440
"Dededo--Machanao--Apotgan, GU",22811,139825
"Defiance, OH",22879,18306
"DeKalb, IL",22960,68545
"Delano, CA",22987,54372
"Delavan, WI",23041,12158
"Del Rio, TX",23203,43914
"Deltona, FL",23311,182169
"Deming, NM",23338,14903
"Denton--Lewisville, TX",23500,366174
"Denver--Aurora, CO",23527,2374203
"DeRidder, LA",23662,13341
"Desert Hot Springs, CA",23716,39445
"Des Moines, IA",23743,450070
"Detroit, MI",23824,3734090
"Dickinson, ND",24094,17586
"Dickson, TN",24121,16016
"Discovery Bay, CA",24256,14044
"Dixon, CA",24283,18445
"Dixon, IL",24310,16858
"Dodge City, KS",24337,27316
"Donaldsonville, LA",24391,14571
"Dothan, AL",24472,68781
"Douglas, AZ",24499,17673
"Douglas, GA",24526,14154
"Dover, DE",24580,110769
"Dover--Rochester, NH--ME",24607,88087
"Dublin, GA",24715,20999
"DuBois, PA",24796,11898
"Dubuque, IA--IL",24823,67818
"Duluth, MN--WI",24850,120378
"Dumas, TX",24904,14836
"Duncan, OK",24931,21301
"Dunkirk--Fredonia, NY",25012,25514
"Dunn, NC",25039,14823
"Durango, CO",25147,17982
"Durant, OK",25201,16402
"Durham, NC",25228,347602
"Dyersburg, TN",25309,21903
"Eagle Pass, TX",25498,49236
"Earlimart, CA",25579,13211
"East Liverpool, OH--WV--PA",25687,31564
"Easton, MD",25741,17132
"East Stroudsburg, PA--NJ",25849,54316
"Eau Claire, WI",26038,102852
"Eden, NC",26092,17187
"Edwards, CO",26275,17326
"Effingham, IL",26308,13800
"El Campo, TX",26389,11719
"El Centro--Calexico, CA",26416,107672
"El Dorado, AR",26470,18944
"El Dorado, KS",26524,14724
"Elgin, TX",26659,10043
"Elizabeth City, NC",26686,23905
"Elizabethtown--Radcliff, KY",26750,73467
"Elk City, OK",26767,10855
"Elkhart, IN--MI",26794,143592
"Elkhorn, WI",26821,12484
"Elkins, WV",26875,11061
"Elko, NV",26902,18948
"Ellensburg, WA",26983,20987
"Ellwood City, PA",27085,13006
"Elmira, NY",27118,67983
"El Paso, TX--NM",27253,803086
"El Paso de Robles (Paso Robles)--Atascadero, CA",27261,65088
"El Reno, OK",27280,15069
"Emporia, KS",27523,24830
"Enid, OK",27631,47609
"Ennis, TX",27658,18258
"Enterprise, AL",27685,36427
"Erie, PA",27766,196611
"Escanaba, MI",27847,20850
"Espanola, NM",27874,26418
"Estrella, AZ",27991,11108
"Eugene, OR",28117,247421
"Eunice, LA",28144,11940
"Eureka, CA",28198,45034
"Eureka, MO",28262,11260
"Evanston, WY",28306,12017
"Evansville, IN--KY",28333,229351
"Evergreen, CO",28441,13556
"Excelsior Springs, MO",28495,10943
"Fairbanks, AK",28549,64513
"Fairfield, CA",28657,133683
"Fairfield, IA",28711,10320
"Fairmont, WV",28873,33409
"Fajardo, PR",28981,85225
"Fallon, NV",29035,16241
"Fargo, ND--MN",29089,176676
"Faribault, MN",29116,23696
"Farmington, MO",29251,39370
"Farmington, NM",29278,53049
"Fayetteville, NC",29440,310282
"Fayetteville--Springdale--Rogers, AR--MO",29494,295083
"Fergus Falls, MN",29575,12081
"Fernandina Beach, FL",29602,25239
"Fernley, NV",29656,18979
"Fillmore, CA",29710,15081
"Findlay, OH",29737,48441
"Firestone--Frederick, CO",29775,21474
"Fitzgerald, GA",29791,11638
"Flagstaff, AZ",29818,71957
"Flint, MI",29872,356218
"Florence, AL",29953,77074
"Florence, AZ",29980,16586
"Florence, OR",30034,10177
"Florence, SC",30061,89557
"Florida--Imbéry--Barceloneta, PR",30115,71747
"Foley, AL",30171,26469
"Fond du Lac, WI",30223,54901
"Forest City, NC",30331,26418
"Forest Lake, MN",30358,21816
"Forney, TX",30439,27051
"Forrest City, AR",30466,13690
"Fort Atkinson, WI",30547,21105
"Fort Bragg, CA",30574,10348
"Fort Collins, CO",30628,264465
"Fort Dodge, IA",30682,25122
"Fort Leonard Wood, MO",30748,29257
"Fort Madison, IA--IL",30763,10848
"Fort Morgan, CO",30817,13178
"Fort Polk, LA",30871,14300
"Fort Smith, AR--OK",30925,122947
"Fortuna, CA",30979,13084
"Fort Valley, GA",31033,10605
"Fort Walton Beach--Navarre--Wright, FL",31060,191917
"Fort Wayne, IN",31087,313492
"Fostoria, OH",31114,14694
"Four Corners, FL",31150,35549
"Frankfort, IN",31222,16684
"Frankfort, KY",31249,35734
"Franklin, LA",31303,14617
"Franklin--Highland Lake, NJ",31450,35436
"Frederick, MD",31519,141576
"Fredericksburg, TX",31573,11511
"Fredericksburg, VA",31600,141238
"Freeport, IL",31681,25980
"Fremont, NE",31762,27471
"Fremont, OH",31789,23332
"Fresno, CA",31843,654628
"Front Royal, VA",31924,18638
"Fulton, MO",32086,12197
"Gadsden, AL",32113,64172
"Gaffney, SC",32140,20844
"Gainesville, FL",32167,187781
"Gainesville, GA",32194,130846
"Gainesville, TX",32221,15746
"Galesburg, IL",32329,36001
"Galion, OH",32356,15966
"Galliano--Larose--Cut Off, LA",32383,21437
"Gallup, NM",32437,23114
"Galt, CA",32451,24912
"Galveston, TX",32491,44022
"Garapan--Dandan, MP",32506,46203
"Garden City, KS",32518,29942
"Gardnerville Ranchos, NV",32572,20107
"Gastonia, NC--SC",32653,169495
"Gatesville, TX",32707,15310
"Geneva, NY",32842,29990
"Georgetown, KY",32977,30764
"Georgetown, SC",33031,12320
"Gillette, WY",33247,32721
"Gilroy--Morgan Hill, CA",33328,98413
"Glasgow, KY",33436,13569
"Glens Falls, NY",33598,65443
"Glenwood Springs, CO",33652,11581
"Globe, AZ",33679,13515
"Gloversville, NY",33733,29226
"Goldsboro, NC",33814,61054
"Gramercy--Lutcher, LA",34151,15279
"Granbury, TX",34165,28250
"Grand Forks, ND--MN",34219,61270
"Grand Island, NE",34246,50440
"Grand Junction, CO",34273,128124
"Grand Rapids, MI",34300,569935
"Grandview, WA",34381,18407
"Grants, NM",34489,12152
"Grants Pass, OR",34516,50520
"Grass Valley, CA",34597,34308
"Great Bend, KS",34705,16177
"Great Falls, MT",34759,65207
"Greeley, CO",34786,117825
"Green Bay, WI",34813,206520
"Greencastle, IN",34840,10625
"Greeneville, TN",34894,23957
"Greenfield, CA",34921,16451
"Greenfield, MA",34975,22965
"Green River, WY",35083,12672
"Greensboro, NC",35164,311810
"Greensburg, IN",35191,11560
"Greenville, MS",35353,35025
"Greenville, NC",35380,117798
"Greenville, OH",35407,13337
"Greenville, PA",35434,10771
"Greenville, SC",35461,400492
"Greenville, TX",35488,23283
"Greenwood, MS",35569,22380
"Greenwood, SC",35596,42103
"Grenada, MS",35623,10481
"Grove City, PA",35812,11886
"Guayama, PR",35866,80155
"Gulfport, MS",35920,208948
"Gun Barrel City, TX",35974,14884
"Guymon, OK",36109,11338
"Hagerstown, MD--WV--PA",36190,182696
"Hailey, ID",36217,10453
"Haleiwa--Waialua--Pupukea, HI",36231,13770
"Half Moon Bay, CA",36271,20713
"Hammond, LA",36514,67629
"Hammonton, NJ",36541,13152
"Hampstead, NC",36585,10716
"Hanford, CA",36703,87941
"Hannibal, MO",36730,18472
"Hanover, PA",36784,66301
"Harlingen, TX",36892,135663
"Harriman--Kingston--Rockwood, TN",36946,23515
"Harrisburg, PA",37081,444474
"Harrison, AR",37108,13950
"Harrison, OH--IN",37145,12910
"Harrisonburg, VA",37162,66784
"Hartford, CT",37243,924859
"Hartsville, SC",37405,15125
"Hastings, MN",37540,22328
"Hastings, NE",37567,24312
"Hattiesburg, MS",37594,80358
"Havelock, NC",37675,21596
"Hawaiian Paradise Park, HI",37716,20503
"Hays, KS",37783,21180
"Hazleton, PA",37945,56827
"Heber, UT",38053,17212
"Helena, MT",38161,45055
"Helena-West Helena, AR",38172,11321
"Hemet, CA",38215,163379
"Henderson, NC",38269,20858
"Henderson, TX",38323,15187
"Hereford, TX",38431,15941
"Hermiston, OR",38485,27790
"Hibbing, MN",38620,11616
"Hickory, NC",38647,212195
"Highland, IL",38755,11525
"High Point, NC",38809,166485
"Hillsdale, MI",38998,11646
"Hilo, HI",39052,43925
"Hilton Head Island, SC",39079,68998
"Hinesville, GA",39133,51456
"Hobbs, NM",39214,36696
"Holland, MI",39430,99941
"Hollister, CA",39511,42002
"Homosassa Springs--Beverly Hills--Citrus Springs, FL",39758,80962
"Hood River, OR--WA",39916,14653
"Hopkinsville, KY",40078,32491
"Hornell, NY",40132,10997
"Hot Springs, AR",40213,55121
"Houghton, MI",40294,15452
"Houma, LA",40375,144875
"Houston, TX",40429,4944332
"Hudson, NY",40537,11512
"Hudson, WI--MN",40547,22395
"Huntingdon, PA",40699,11385
"Huntington, IN",40726,18207
"Huntington, WV--KY--OH",40753,202637
"Huntsville, AL",40780,286692
"Huntsville, TX",40807,36928
"Huron, SD",40861,12637
"Hurricane, UT",40888,16336
"Hutchinson, KS",40915,44320
"Hutchinson, MN",40942,14054
"Idaho Falls, ID",40996,90733
"Ilion--Herkimer, NY",41023,24792
"Immokalee, FL",41077,23160
"Incline Village, NV--CA",41100,13022
"Indiana, PA",41185,28807
"Indianapolis, IN",41212,1487483
"Indianola, IA",41239,14281
"Indianola, MS",41266,10408
"Indio--Cathedral City, CA",41347,345580
"Ingleside--Aransas Pass, TX",41360,16522
"Ionia, MI",41536,14409
"Iowa City, IA",41590,106621
"Iron Mountain--Kingsford, MI--WI",41671,19228
"Ishpeming, MI",41833,12301
"Ithaca, NY",41914,53661
"Jackson, MI",42157,90057
"Jackson, MS",42211,351478
"Jackson, TN",42265,71880
"Jackson, WY",42319,11407
"Jacksonville, FL",42346,1065219
"Jacksonville, IL",42373,22669
"Jacksonville, NC",42400,105419
"Jacksonville, TX",42427,14075
"Jackson--Wellston, OH",42439,11768
"Jamestown, NY",42481,43404
"Jamestown, ND",42508,15284
"Janesville, WI",42562,69658
"Jasper, AL",42616,14156
"Jasper, IN",42697,15759
"Jayuya, PR",42778,11300
"Jefferson, GA",42849,10443
"Jefferson City, MO",42967,58533
"Jefferson Township North, NJ",42978,13714
"Jerome, ID",43048,10892
"Jesup, GA",43102,12660
"Jewett City, CT",43115,10119
"Johnson City, TN",43210,120415
"Johnstown, CO",43253,13693
"Johnstown, PA",43291,69014
"Jonesboro, AR",43345,65419
"Joplin, MO",43399,82775
"Juana Díaz, PR",43453,80928
"Junction City, KS",43507,38787
"Juneau, AK",43561,24537
"Jupiter Farms, FL",43595,10962
"Kahului, HI",43615,55934
"Kailua (Hawaii County)--Holualoa, HI",43642,28850
"Kailua (Honolulu County)--Kaneohe, HI",43669,113682
"Kalaheo, HI",43696,14840
"Kalamazoo, MI",43723,209703
"Kalispell, MT",43777,31785
"Kankakee, IL",43885,81926
"Kansas City, MO--KS",43912,1519417
"Kapaa, HI",43939,19063
"Kearney, NE",44182,31287
"Keene, NH",44209,22510
"Kendallville, IN",44371,10399
"Kennett, MO",44452,11241
"Kennewick--Pasco, WA",44479,210975
"Kenosha, WI--IL",44506,124064
"Keokuk, IA--IL",44560,13411
"Kerman, CA",44587,13487
"Kerrville, TX",44641,28810
"Ketchikan, AK",44668,10352
"Kewanee, IL",44722,12857
"Key Largo, FL",44789,18121
"Key West, FL",44857,32095
"Kihei, HI",44911,25819
"Kilgore, TX",44938,15957
"Kill Devil Hills, NC",44965,19095
"Killeen, TX",44992,217630
"King City, CA",45073,14529
"Kingman, AZ",45127,42107
"Kingsport, TN--VA",45235,106571
"Kingston, NY",45262,57442
"Kingsville, TX",45316,26011
"Kinston, NC",45397,29083
"Kirksville, MO",45424,15914
"Kissimmee, FL",45451,314071
"Kittanning--Ford City, PA",45478,14072
"Klamath Falls--Altamont, OR",45505,41434
"Knoxville, TN",45640,558696
"Kokomo, IN",45694,62182
"Kuna, ID",45775,15234
"Kutztown, PA",45802,10002
"LaBelle--Port LaBelle, FL",45829,12054
"Laconia, NH",45856,18636
"La Crosse, WI--MN",45910,100868
"Lady Lake--The Villages, FL",45937,112991
"Lafayette, IN",46018,147725
"Lafayette, LA",46045,252720
"Lafayette--Louisville--Erie, CO",46126,79407
"La Follette, TN",46153,21055
"La Grande, OR",46207,14909
"LaGrange, GA",46234,34879
"Lahaina, HI",46396,21331
"Laie--Hauula, HI",46423,15071
"Lake Arrowhead--Crestline, CA",46465,22175
"Lake Charles, LA",46531,143440
"Lake City, FL",46558,25623
"Lake Conroe Eastshore, TX",46639,10121
"Lake Conroe Westshore, TX",46666,20569
"Lake Geneva, WI",46693,14649
"Lake Havasu City, AZ",46747,53427
"Lake Jackson--Angleton, TX",46801,74830
"Lakeland, FL",46828,262596
"Lake Los Angeles, CA",46855,11808
"Lake Placid, FL",47010,16351
"Lakeport, CA",47071,16583
"Lakes--Knik-Fairview--Wasilla, AK",47132,44236
"Lamesa, TX",47395,11579
"Lancaster, OH",47503,42557
"Lancaster, PA",47530,402004
"Lancaster, SC",47557,23979
"Lancaster--Palmdale, CA",47611,341219
"Lansing, MI",47719,313532
"Lapeer, MI",47746,13424
"Laramie, WY",47827,31965
"Laredo, TX",47854,235730
"Las Cruces, NM",47935,128600
"Las Vegas, NM",47989,15609
"Las Vegas--Henderson, NV",47995,1886011
"Laurel, MS",48043,26131
"Laurens, SC",48151,10336
"Laurinburg, NC",48178,21161
"Lawrence, KS",48232,88053
"Lawrenceburg, KY",48259,12475
"Lawrenceburg, TN",48286,10100
"Lawrenceburg--Greendale--Aurora, IN",48313,12977
"Lawton, OK",48394,94457
"Leavenworth, KS",48475,45283
"Lebanon, IN",48502,15415
"Lebanon, MO",48556,14046
"Lebanon, OR",48637,19744
"Lebanon, PA",48664,77086
"Lebanon, TN",48691,27653
"Lebanon--Hanover, NH--VT",48728,25690
"Leesburg--Eustis--Tavares, FL",48799,131337
"Lee's Summit, MO",48826,85081
"Leominster--Fitchburg, MA",49096,116960
"Levelland, TX",49204,13796
"Lewes, DE",49231,24129
"Lewisburg, TN",49258,10464
"Lewiston, ID--WA",49312,51924
"Lewiston, ME",49339,59397
"Lewistown, PA",49393,22181
"Lexington, NE",49474,10464
"Lexington-Fayette, KY",49582,290263
"Lexington Park--California--Chesapeake Ranch Estates, MD",49594,58875
"Liberal, KS",49636,20329
"Lihue, HI",49771,13983
"Lima, OH",49852,72852
"Lincoln, IL",49906,18224
"Lincoln, NE",49933,258719
"Lincoln City, OR",49960,10526
"Lincolnton, NC",49987,22686
"Lindale--Hideaway, TX",50014,10021
"Lindsay, CA",50041,14610
"Little Rock, AR",50392,431388
"Livermore, CA",50527,81624
"Lockhart, TX",50743,12337
"Lock Haven, PA",50770,17741
"Lockport, NY",50797,36024
"Lodi, CA",50851,68738
"Logan, UT",50959,94983
"Logan, WV",50986,10747
"Logansport, IN",51013,21561
"Lompoc, CA",51040,51509
"London, OH",51121,14260
"London--Corbin, KY",51131,37367
"Longmont, CO",51175,90897
"Long Neck, DE",51202,14150
"Longview, TX",51256,98884
"Longview, WA--OR",51283,63952
"Lorain--Elyria, OH",51364,180956
"Los Alamos, NM",51418,10893
"Los Angeles--Long Beach--Anaheim, CA",51445,12150996
"Los Banos, CA",51472,35917
"Los Lunas, NM",51499,63758
"Louisville/Jefferson County, KY--IN",51755,972546
"Lovington, NM",51769,11592
"Lubbock, TX",51877,237356
"Ludington, MI",51958,10710
"Lufkin, TX",51985,44927
"Lumberton, NC",52066,29739
"Lynchburg, VA",52201,116636
"Lynden, WA",52228,14533
"McAlester, OK",52363,19501
"McAllen, TX",52390,728825
"Macclenny, FL",52417,10984
"McComb, MS",52471,16388
"McFarland, CA",52552,12826
"McKinney, TX",52687,170030
"McMinnville, OR",52741,38970
"McMinnville, TN",52768,15386
"Macomb, IL",52795,19945
"Macon, GA",52822,137570
"McPherson, KS",52903,13083
"Madera, CA",52984,78413
"Madison, IN--KY",53092,18271
"Madison, WI",53200,401661
"Madisonville, KY",53227,24809
"Magnolia, AR",53362,10438
"Mahomet, IL",53416,11044
"Malone, NY",53524,10825
"Malvern, AR",53551,11186
"Manchester, NH",53740,158377
"Manchester, TN",53767,11379
"Mandeville--Covington, LA",53794,88925
"Manhattan, KS",53848,54622
"Manitowoc, WI",53956,46360
"Mankato, MN",53983,57584
"Mansfield, OH",54091,75250
"Manteca, CA",54145,83578
"Maricopa, AZ",54477,42337
"Marietta, OH--WV",54486,22428
"Marinette--Menominee, WI--MI",54496,19431
"Marion, IN",54577,43519
"Marion, NC",54631,13363
"Marion, OH",54658,46384
"Marion Oaks, FL",54739,14160
"Marquette, MI",54874,26946
"Marshall, MN",54982,13464
"Marshall, MO",55009,12665
"Marshall, TX",55036,21979
"Marshalltown, IA",55090,26858
"Marshfield, WI",55144,19421
"Martin, TN",55171,11397
"Martinsville, IN",55225,13276
"Martinsville, VA",55252,35091
"Marysville, OH",55306,22348
"Marysville, WA",55333,145140
"Maryville, MO",55360,13220
"Mason City, IA",55414,27115
"Massena, NY",55468,11259
"Mattoon, IL",55576,18978
"Mauldin--Simpsonville, SC",55603,120577
"Mayagüez, PR",55738,109572
"Mayfield, KY",55765,11356
"Maysville, KY--OH",55819,11454
"Meadville, PA",55900,23887
"Mecca, CA",55927,11253
"Medford, OR",55981,154081
"Memphis, TN--MS--AR",56116,1060061
"Mendota, CA",56170,11211
"Menomonie, WI",56224,17844
"Merced, CA",56251,136969
"Meridian, MS",56305,41531
"Merrill, WI",56359,10282
"Mesquite, NV--AZ",56413,14284
"Mexico, MO",56548,11356
"Miami, FL",56602,5502379
"Miami, OK",56629,16144
"Michigan City--La Porte, IN--MI",56656,66025
"Middlesborough, KY--TN--VA",56818,15330
"Middletown, DE",56845,29415
"Middletown, NY",56899,58381
"Middletown, OH",56926,97503
"Midland, MI",56980,59014
"Midland, TX",57007,117807
"Milford, DE",57196,18009
"Milledgeville, GA",57223,29808
"Milton--Lewisburg, PA",57439,30806
"Milwaukee, WI",57466,1376476
"Minden, LA",57493,13338
"Mineral Wells, TX",57574,16109
"Minneapolis--St. Paul, MN--WI",57628,2650890
"Minot, ND",57655,42650
"Mission Viejo--Lake Forest--San Clemente, CA",57709,583681
"Missoula, MT",57736,82157
"Mitchell, SD",57817,14955
"Moberly, MO",57898,13933
"Mobile, AL",57925,326183
"Modesto, CA",58006,358172
"Monessen--California, PA",58168,66086
"Monmouth--Independence, OR",58249,18167
"Monroe, GA",58303,15854
"Monroe, LA",58330,116533
"Monroe, MI",58357,51240
"Monroe, WI",58384,10883
"Montgomery, AL",58600,263907
"Monticello--Big Lake, MN",58870,25536
"Montrose, CO",58951,22706
"Morehead City, NC",59194,44798
"Morgan City, LA",59221,32022
"Morgantown, WV",59275,70350
"Morris, IL",59329,15668
"Morristown, TN",59410,59036
"Morro Bay--Los Osos, CA",59437,26772
"Moscow, ID",59491,24212
"Moses Lake, WA",59518,32978
"Moultrie, GA",59572,18677
"Mountain Home, AR",59680,14180
"Mountain Home, ID",59707,16531
"Mount Airy, NC--VA",59815,19457
"Mount Pleasant, MI",60112,37447
"Mount Pleasant, TX",60166,15987
"Mount Pocono--Emerald Lakes, PA",60195,24216
"Mount Sterling, KY",60274,10835
"Mount Vernon, IL",60328,16008
"Mount Vernon, OH",60463,22153
"Mount Vernon, WA",60490,62966
"Mukwonago, WI",60517,20255
"Muncie, IN",60625,90580
"Murfreesboro, TN",60733,133228
"Murray, KY",60787,19072
"Murrieta--Temecula--Menifee, CA",60799,441546
"Muscatine, IA",60814,25342
"Muskegon, MI",60841,161280
"Muskogee, OK",60868,42052
"Myrtle Beach--Socastee, SC--NC",60895,215304
"Mystic Island, NJ",60930,22217
"Nacogdoches, TX",60949,34546
"Nampa, ID",60976,151499
"Napa, CA",61057,83913
"Nashua, NH--MA",61165,226400
"Nashville-Davidson, TN",61273,969587
"Natchez, MS--LA",61327,28199
"Natchitoches, LA",61354,19763
"Neosho, MO",61543,11955
"Newark, NY",61678,13799
"Newark, OH",61705,76068
"New Bedford, MA",61786,149443
"Newberg, OR",61813,27001
"New Bern, NC",61840,50503
"Newberry, SC",61894,12046
"New Castle, IN",62137,22816
"New Castle, PA",62164,41907
"New Freedom--Shrewsbury, PA--MD",62353,14179
"New Haven, CT",62407,562839
"Newman, CA",62569,10223
"New Orleans, LA",62677,899703
"New Philadelphia--Dover, OH",62731,46366
"Newport, OR",62839,11188
"Newport, TN",62893,11603
"Newton, IA",63082,15655
"Newton, KS",63109,20654
"Newton, NJ",63137,11941
"New Ulm, MN",63163,13367
"New York--Newark, NY--NJ--CT",63217,18351295
"Nicholasville, KY",63244,28058
"Nipomo, CA",63282,15882
"Nogales, AZ",63325,32044
"Norfolk, NE",63406,26769
"Norman, OK",63433,103898
"North Adams, MA--VT",63460,18470
"Northfield, MN",63676,21535
"North Platte, NE",63811,25213
"North Port--Port Charlotte, FL",63838,169541
"North Vernon, IN",63865,11354
"North Wilkesboro--Wilkesboro, NC",63946,18264
"Norton--Wise, VA",64027,10510
"Norwalk, OH",64054,20806
"Norwich--New London, CT--RI",64135,209190
"Oak Harbor, WA",64378,33004
"Oak Island, NC",64459,11226
"Ocala, FL",64567,156909
"Ocean Pines, MD--DE",64660,33105
"Ocean View, DE",64702,12342
"Odessa, TX",64864,126405
"Ogden--Layton, UT",64945,546026
"Ogdensburg, NY",64972,11344
"Oil City, PA",64999,15296
"Okeechobee--Taylor Creek, FL",65026,25378
"Oklahoma City, OK",65080,861505
"Okmulgee, OK",65107,14053
"Olean, NY",65161,22324
"Olympia--Lacey, WA",65242,176617
"Omaha, NE--IA",65269,725008
"Oneida, NY",65404,21784
"Oneonta, NY",65512,17229
"Ontario, OR--ID",65539,25539
"Opelousas, LA",65593,25534
"Orangeburg, SC",65701,33506
"Oregon, WI",65809,11059
"Orlando, FL",65863,1510516
"Orosi, CA",65917,15150
"Oroville, CA",65944,37122
"Oshkosh, WI",66160,74495
"Oskaloosa, IA",66187,12545
"Oswego, NY",66241,39385
"Othello, WA",66268,11207
"Otsego--Plainwell, MI",66285,11740
"Ottawa, IL",66295,20612
"Ottawa, KS",66322,12450
"Ottumwa, IA",66376,24771
"Owatonna, MN",66430,25394
"Owensboro, KY",66484,70543
"Owosso, MI",66538,22426
"Oxford, MS",66565,25768
"Oxford, OH",66619,21376
"Oxnard, CA",66673,367260
"Ozark, AL",66690,12066
"Pacific, MO",66740,10327
"Paducah, KY--IL",66781,48791
"Pahrump, NV",66943,28446
"Palatka, FL",67051,23982
"Palestine, TX",67078,19254
"Palm Bay--Melbourne, FL",67105,452791
"Palm Coast--Daytona Beach--Port Orange, FL",67134,349064
"Pampa, TX",67240,18166
"Panama City, FL",67294,143280
"Paradise, CA",67375,34725
"Paragould, AR",67402,24620
"Paris, KY",67510,11042
"Paris, TN",67537,10642
"Paris, TX",67564,26349
"Park City, UT",67618,13352
"Parkersburg, WV--OH",67672,67229
"Parlier, CA",67753,14490
"Parsons, KS",67780,10298
"Pascagoula, MS",67807,50428
"Patterson, CA",67861,20781
"Pawleys Island, SC",67996,11532
"Paw Paw Lake--Hartford, MI",68106,11589
"Payson, AZ",68158,14210
"Pecos, TX",68266,11785
"Pell City, AL",68374,11096
"Pendleton, OR",68428,17216
"Pensacola, FL--AL",68482,340067
"Peoria, IL",68509,266921
"Peru, IN",68806,13095
"Peru--LaSalle, IL",68833,32048
"Petaluma, CA",68887,64078
"Philadelphia, PA--NJ--DE--MD",69076,5441567
"Philipsburg, PA",69130,10015
"Phoenix--Mesa, AZ",69184,3629114
"Picayune, MS",69211,16792
"Pierre, SD",69292,14425
"Pine Bluff, AR",69454,53495
"Pinehurst--Southern Pines, NC",69517,36272
"Piqua, OH",69616,21104
"Pittsburg, KS",69643,22918
"Pittsburgh, PA",69697,1733853
"Pittsfield, MA",69778,59124
"Placerville--Diamond Springs, CA",69832,29700
"Plainview, TX",69967,25810
"Platteville, WI",70129,11236
"Plattsburgh, NY",70156,29438
"Pleasanton, TX",70237,12468
"Plymouth, IN",70291,12498
"Pocatello, ID",70426,69809
"Poinciana, FL",70480,41922
"Point Pleasant--Gallipolis, OH--WV",70507,11217
"Ponca City, OK",70615,26047
"Ponce, PR",70642,149539
"Pontiac, IL",70669,12323
"Poplar Bluff, MO",70804,20463
"Portage, WI",70858,10391
"Portales, NM",70912,12610
"Port Angeles, WA",70939,22863
"Port Arthur, TX",70993,153150
"Port Clinton, OH",71047,13349
"Porterville, CA",71074,70272
"Port Huron, MI",71155,87106
"Port Isabel--Laguna Heights, TX",71182,14950
"Port Jervis, NY--PA",71209,16787
"Portland, ME",71263,203914
"Portland, OR--WA",71317,1849898
"Portland, TN--KY",71344,10869
"Port Lavaca, TX",71371,11817
"Port St. Lucie, FL",71479,376047
"Portsmouth, NH--ME",71506,88200
"Portsmouth, OH--KY",71533,36232
"Pottstown, PA",71749,107682
"Pottsville, PA",71776,43247
"Poughkeepsie--Newburgh, NY--NJ",71803,423566
"Prescott Valley--Prescott, AZ",72112,84744
"Price, UT",72235,14187
"Princess Anne, MD",72262,10396
"Prineville, OR",72424,10905
"Providence, RI--MA",72505,1190956
"Provo--Orem, UT",72559,482819
"Pueblo, CO",72613,136550
"Pukalani--Makawao--Haiku-Pauwela, HI",72640,26128
"Pulaski, VA",72694,16066
"Pullman, WA",72748,29729
"Purcellville, VA",72856,11951
"Quincy, IL",73045,45228
"Racine, WI",73153,133700
"Raleigh, NC",73261,884891
"Ramona, CA",73288,25913
"Rantoul, IL",73369,14071
"Rapid City, SD",73396,81251
"Raymondville, TX",73612,14481
"Reading, PA",73693,266254
"Red Bluff, CA",73720,18434
"Redding, CA",73774,117731
"Redmond, OR",73882,27685
"Red Wing, MN",73963,14367
"Reedley--Dinuba, CA",74044,46247
"Reidsville, NC",74152,14067
"Reno, NV--CA",74179,392141
"Rexburg, ID",74260,26852
"Richmond, IN--OH",74638,44136
"Richmond, KY",74665,35540
"Richmond, VA",74746,953556
"Ridgecrest, CA",74827,31155
"Rifle, CO",74935,10479
"Rincon, GA",74989,12111
"Rio Grande City--Roma, TX",75072,46344
"River Falls, WI",75286,15351
"Riverside--San Bernardino, CA",75340,1932666
"Riverton, WY",75367,12265
"Roanoke, VA",75421,210111
"Roanoke Rapids, NC",75448,24450
"Robstown, TX",75556,11991
"Rochelle, IL",75583,11342
"Rochester, MN",75637,107677
"Rochester, NY",75664,720572
"Rockford, IL",75718,296863
"Rock Hill, SC",75745,104996
"Rockingham--Hamlet, NC",75772,25404
"Rockport, TX",75853,16322
"Rock Springs, WY",75880,26352
"Rocky Mount, NC",75988,68243
"Rolla, MO",76123,20160
"Rome, GA",76204,60851
"Rome, NY",76231,33428
"Rosamond, CA",76285,16000
"Roseburg, OR",76339,41700
"Roswell, NM",76447,49727
"Round Lake Beach--McHenry--Grayslake, IL--WI",76474,290373
"Russellville, AR",76933,32733
"Ruston, LA",76987,27724
"Rutland, VT",77014,19840
"Sacramento, CA",77068,1723634
"Safford, AZ",77095,19151
"Saginaw, MI",77149,126265
"Sahuarita--Green Valley, AZ",77161,40691
"St. Augustine, FL",77230,69173
"St. Cloud, MN",77338,110621
"St. George, UT",77446,98370
"St. Helens, OR",77527,25650
"St. Joseph, MO--KS",77743,81176
"St. Louis, MO--IL",77770,2150706
"St. Marys--Kingsland, GA",77932,34630
"St. Peter, MN",78013,11634
"St. Simons, GA",78026,12226
"Salem, OH",78202,18617
"Salem, OR",78229,236632
"Salina, KS",78283,47493
"Salinas, CA",78310,184809
"Salisbury, MD--DE",78364,98081
"Salt Lake City--West Valley City, UT",78499,1021243
"San Angelo, TX",78553,92984
"San Antonio, TX",78580,1758210
"San Diego, CA",78661,2956746
"Sandpoint, ID",78715,10840
"Sandusky, OH",78769,48990
"Sanford, ME",78850,13584
"Sanford, NC",78877,33120
"San Francisco--Oakland, CA",78904,3281212
"Sanger, CA",78931,26604
"San Germán--Cabo Rojo--Sabana Grande, PR",78985,118199
"San Jose, CA",79039,1664496
"San Juan, PR",79093,2148346
"San Luis, AZ",79120,24091
"San Luis Obispo, CA",79147,59219
"San Marcos, TX",79201,52826
"Santa Barbara, CA",79282,195861
"Santa Clarita, CA",79309,258653
"Santa Cruz, CA",79336,163703
"Santa Fe, NM",79363,89284
"Santa Isabel, PR",79390,10550
"Santa Maria, CA",79417,130447
"Santa Paula, CA",79444,29742
"Santa Rosa, CA",79498,308231
"Sarasota--Bradenton, FL",79606,643260
"Saratoga Springs, NY",79633,64100
"Sault Ste. Marie, MI",79714,13114
"Savannah, GA",79768,260677
"Sayre--Waverly, PA--NY",79903,17991
"Scottsbluff, NE",80065,25946
"Scottsboro, AL",80092,10069
"Scottsburg, IN",80119,11434
"Scranton, PA",80227,381502
"Searcy, AR",80308,25979
"Seaside--Monterey, CA",80362,114237
"Seattle, WA",80389,3059393
"Sebastian--Vero Beach South--Florida Ridge, FL",80400,149422
"Sebring--Avon Park, FL",80416,61625
"Sedalia, MO",80443,26178
"Seguin, TX",80497,24122
"Selma, AL",80524,23821
"Selma, CA",80551,41810
"Seneca, SC",80671,26054
"Sequim, WA",80686,19286
"Sevierville, TN",80713,22108
"Seymour, IN",80794,20695
"Shady Side--Deale, MD",80902,10784
"Shafter, CA",80929,18098
"Shamokin--Mount Carmel, PA",80985,30185
"Shawano, WI",81064,10527
"Shawnee, OK",81091,34255
"Sheboygan, WI",81118,71313
"Shelby, NC",81199,27374
"Shelbyville, IN",81280,20795
"Shelbyville, KY",81307,20621
"Shelbyville, TN",81334,20005
"Shelton, WA",81415,18705
"Shenandoah--Mahanoy City--Frackville, PA",81472,19009
"Sheridan, WY",81604,18786
"Sherman, TX",81631,61900
"Shippensburg, PA",81658,17008
"Show Low, AZ",81712,10409
"Shreveport, LA",81739,298317
"Sidney, OH",81874,21956
"Sierra View--Indian Mountain Lake, PA",81889,28347
"Sierra Vista, AZ",81901,52745
"Sikeston, MO",81928,16536
"Siloam Springs, AR--OK",81982,19326
"Silver City, NM",82036,12705
"Silverthorne--Frisco, CO",82090,15351
"Simi Valley, CA",82144,125206
"Sioux City, IA--NE--SD",82225,106494
"Sioux Falls, SD",82252,156777
"Slidell, LA",82468,91151
"Smithfield, NC",82522,27155
"Smithfield, VA",82549,10215
"Snoqualmie, WA",82675,20592
"Snyder, TX",82711,11557
"Soledad, CA",82846,25943
"Solvang--Buellton--Santa Ynez, CA",82873,14862
"Somerset, KY",82900,29042
"Somerset, PA",82927,12583
"Somerton, AZ",82981,16988
"Sonoma, CA",83008,32678
"Sonora--Jamestown--Phoenix Lake, CA",83073,28255
"South Bend, IN--MI",83116,278165
"South Lake Tahoe, CA--NV",83305,29107
"South Lyon--Howell, MI",83332,119509
"Spartanburg, SC",83548,180786
"Spearfish, SD",83575,11459
"Spencer, IA",83629,10952
"Spirit Lake, IA",83710,10826
"Spokane, WA",83764,387847
"Spout Springs, NC",83818,14488
"Springfield, IL",83899,161316
"Springfield, MA--CT",83926,621300
"Springfield, MO",83953,273724
"Springfield, OH",83980,85256
"Springfield, TN",83993,17357
"Spring Hill, FL",84024,148220
"Spring Hill, TN",84088,31208
"Springs, NY",84115,12604
"Starkville, MS",84466,30307
"State College, PA",84493,87454
"Statesboro, GA",84547,36314
"Staunton--Waynesboro, VA",84630,56611
"Stayton, OR",84655,10291
"Steamboat Springs, CO",84682,12888
"Stephenville, TX",84763,16796
"Sterling, CO",84790,16088
"Sterling, IL",84817,28827
"Stevens Point, WI",84871,44223
"Stillwater, OK",85033,44515
"Stockton, CA",85087,370583
"Storm Lake, IA",85114,11364
"Streator, IL",85222,17797
"Sturgis, MI",85303,13040
"Sulphur Springs, TX",85546,14196
"Summerville, GA",85654,11041
"Sumter, SC",85708,73107
"Sunbury, PA",85762,29541
"Sun City Hilton Head, SC",85775,12555
"Sunnyside, WA",85789,17327
"Susanville, CA",85870,10285
"Swansboro, NC",86024,16335
"Sweetwater, TX",86167,10247
"Sylacauga, AL",86194,17991
"Syracuse, NY",86302,412317
"Taft, CA",86329,14985
"Tafuna, AS",86369,43450
"Tahlequah, OK",86383,18521
"Talladega, AL",86437,13493
"Tallahassee, FL",86464,240223
"Tamaqua, PA",86572,15200
"Tampa--St. Petersburg, FL",86599,2441770
"Taos, NM",86653,13686
"Tarboro, NC",86707,13581
"Taylor, TX",86734,14436
"Taylorville, IL",86788,13742
"Tehachapi--Golden Hills, CA",86869,16540
"Temple, TX",87058,90390
"Terre Haute, IN",87139,92742
"Terrell, TX",87166,14834
"Texarkana--Texarkana, TX--AR",87193,78162
"Texas City, TX",87220,106383
"The Dalles, OR--WA",87263,17665
"Thomaston, GA",87382,14416
"Thomasville, GA",87436,24139
"Thousand Oaks, CA",87490,214811
"Three Rivers, MI",87517,10820
"Tiffin, OH",87598,19546
"Tifton, GA",87625,23757
"Titusville, FL",87787,54386
"Toccoa, GA",87841,10846
"Toledo, OH--MI",87868,507643
"Tooele, UT",88057,31058
"Topeka, KS",88084,150003
"Toppenish, WA",88111,14512
"Torrington, CT",88192,42754
"Tracy, CA",88273,87569
"Traverse City, MI",88300,47109
"Trenton, NJ",88462,296668
"Troy, AL",88543,15897
"Troy, MO",88570,13231
"Truckee, CA",88624,12139
"Tucson, AZ",88732,843168
"Tullahoma, TN",88921,17250
"Tulsa, OK",88948,655479
"Tupelo, MS",89029,40995
"Turlock, CA",89083,99904
"Tuscaloosa, AL",89110,139114
"Twentynine Palms, CA",89191,12895
"Twin Falls, ID",89245,48836
"Twin Rivers--Hightstown, NJ",89263,64037
"Tyler, TX",89326,130247
"Ukiah, CA",89380,29709
"Union, SC",89488,10033
"Union City, TN",89569,10303
"Uniontown--Connellsville, PA",89650,51370
"Urbana, OH",89758,11699
"Urban Honolulu, HI",89770,802459
"Utica, NY",89785,117328
"Uvalde, TX",89839,18118
"Vacaville, CA",89866,93141
"Valdosta, GA",89974,77085
"Vallejo, CA",90028,165074
"Valley--Lanett, AL--GA",90082,20760
"Van Wert, OH",90217,10747
"Vermillion, SD",90325,10492
"Vernal, UT",90352,17321
"Vernon, TX",90379,10572
"Versailles, KY",90433,15907
"Vicksburg, MS--LA",90487,29022
"Victoria, TX",90514,63683
"Victorville--Hesperia, CA",90541,328454
"Vidalia, GA",90568,13442
"Villas, NJ",90658,51291
"Vincennes, IN",90703,21302
"Vineland, NJ",90730,95259
"Vineyard Haven, MA",90757,10082
"Virginia, MN",90865,12883
"Virginia Beach, VA",90892,1439666
"Visalia, CA",90946,219454
"Wabash, IN",91000,10418
"Waco, TX",91027,172378
"Waconia, MN",91054,10748
"Wahpeton, ND--MN",91189,11113
"Walden, NY",91252,11565
"Waldorf, MD",91261,109919
"Walla Walla, WA--OR",91405,55805
"Wapakoneta, OH",91675,10684
"Warner Robins, GA",91783,133109
"Warren, PA",91837,15420
"Warrensburg, MO",91864,20677
"Warsaw, IN",91999,30166
"Warwick, NY",92134,12080
"Wasco, CA",92161,25489
"Washington, DC--VA--MD",92242,4586770
"Washington, IN",92296,12462
"Washington, MO",92350,14316
"Washington, NJ",92377,15385
"Washington, NC",92404,16429
"Washington Court House, OH",92431,15168
"Waterbury, CT",92485,194535
"Waterloo, IA",92593,113418
"Watertown, NY",92674,57840
"Watertown, SD",92701,21111
"Watertown, WI",92728,23347
"Waterville, ME",92782,25689
"Watsonville, CA",92890,73534
"Wauchula, FL",92917,14621
"Waupun, WI",92998,11373
"Wausau, WI",93025,74632
"Waycross, GA",93187,25723
"Waynesboro, PA--MD",93322,25912
"Weatherford, OK",93457,10713
"Weatherford, TX",93484,34824
"Weirton--Steubenville, WV--OH--PA",93592,70889
"Wenatchee, WA",93862,67227
"Wendell--Zebulon, NC",93880,13209
"West Bend, WI",93916,68444
"Westminster--Eldersburg, MD",94294,72714
"West Plains, MO",94375,11242
"West Point, NY",94442,12141
"Wheeling, WV--OH",94726,81249
"Whitehall, MI",94807,10568
"Whitewater, WI",95050,14227
"Wichita, KS",95077,472870
"Wichita Falls, TX",95104,99437
"Williamsburg, VA",95411,75689
"Williamsport, PA",95455,56142
"Willimantic, CT",95590,29669
"Williston, ND",95644,15127
"Willmar, MN",95698,20244
"Wilmington, NC",95833,219957
"Wilmington, OH",95860,12374
"Wilson, NC",95914,49190
"Winchester, KY",96049,25831
"Winchester, TN",96076,11681
"Winchester, VA",96103,69449
"Winder, GA",96130,37831
"Winfield, KS",96319,12029
"Winnemucca, NV",96373,10268
"Winona, MN",96562,30712
"Winston-Salem, NC",96670,391024
"Winter Haven, FL",96697,201289
"Wisconsin Rapids, WI",96832,29169
"Woodburn, OR",96913,32943
"Woodland, CA",96994,55513
"Woodland Park, CO",97048,10528
"Woodstock, IL",97129,25308
"Woodward, OK",97237,11344
"Wooster, OH",97264,30430
"Worcester, MA--CT",97291,486514
"Worthington, MN",97345,12616
"Yakima, WA",97507,129534
"Yankton, SD",97534,14637
"Yauco, PR",97561,90899
"Yazoo City, MS",97588,15546
"Yelm, WA",97642,12387
"York, PA",97750,232045
"Youngstown, OH--PA",97831,387550
"Yuba City, CA",97939,116719
"Yucca Valley, CA",97966,23805
"Yuma, AZ--CA",98020,135267
"Zanesville, OH",98074,42132
"Zapata--Medina, TX",98101,10719
"Zephyrhills, FL",98182,66609
